{"user_id":"8d534681-5f6c-4039-a852-d20e0b57af49","user_name":"marissa","email":"marissa@test.org","client_id":"oauth_showcase_authorization_code","exp":1488236176,"scope":["openid"],"jti":"24339436d32c4c36be2eb89a1d1e7f8d","aud":["openid","oauth_showcase_authorization_code"],"sub":"8d534681-5f6c-4039-a852-d20e0b57af49","iss":"http://localhost:8080/uaa/oauth/token","iat":1488192976,"cid":"oauth_showcase_authorization_code","grant_type":"authorization_code","azp":"oauth_showcase_authorization_code","auth_time":1488192976,"zid":"uaa","rev_sig":"47fe751b","origin":"uaa","revocable":false}
